[{"uuid": "01983722-9b41-73dc-962d-8f78e07d94c5", "name": "How to use Claude", "description": "An example project that also doubles as a how-to guide for using Claude. Chat with it to learn more about how to get the most out of chatting with Claude!", "is_private": false, "is_starter_project": true, "prompt_template": "", "created_at": "2025-07-23T11:54:31.614515+00:00", "updated_at": "2025-07-23T11:54:31.614515+00:00", "creator": {"uuid": "f59b45e8-84d6-4812-aa00-4c447c02400d", "full_name": "Nima"}, "docs": [{"uuid": "45b2c2b8-e821-4023-9703-91529a57a219", "filename": "Claude prompting guide.md", "content": "\n# Claude prompting guide\n\n## General tips for effective prompting\n\n### 1. Be clear and specific\n   - Clearly state your task or question at the beginning of your message.\n   - Provide context and details to help Claude understand your needs.\n   - Break complex tasks into smaller, manageable steps.\n\n   Bad prompt:\n   <prompt>\n   \"Help me with a presentation.\"\n   </prompt>\n\n   Good prompt:\n   <prompt>\n   \"I need help creating a 10-slide presentation for our quarterly sales meeting. The presentation should cover our Q2 sales performance, top-selling products, and sales targets for Q3. Please provide an outline with key points for each slide.\"\n   </prompt>\n\n   Why it's better: The good prompt provides specific details about the task, including the number of slides, the purpose of the presentation, and the key topics to be covered.\n\n### 2. Use examples\n   - Provide examples of the kind of output you're looking for.\n   - If you want a specific format or style, show Claude an example.\n\n   Bad prompt:\n   <prompt>\n   \"Write a professional email.\"\n   </prompt>\n\n   Good prompt:\n   <prompt>\n   \"I need to write a professional email to a client about a project delay. Here's a similar email I've sent before:\n\n   'Dear [Client],\n   I hope this email finds you well. I wanted to update you on the progress of [Project Name]. Unfortunately, we've encountered an unexpected issue that will delay our completion date by approximately two weeks. We're working diligently to resolve this and will keep you updated on our progress.\n   Please let me know if you have any questions or concerns.\n   Best regards,\n   [Your Name]'\n\n   Help me draft a new email following a similar tone and structure, but for our current situation where we're delayed by a month due to supply chain issues.\"\n   </prompt>\n\n   Why it's better: The good prompt provides a concrete example of the desired style and tone, giving Claude a clear reference point for the new email.\n\n### 3. Encourage thinking\n   - For complex tasks, ask Claude to \"think step-by-step\" or \"explain your reasoning.\"\n   - This can lead to more accurate and detailed responses.\n\n   Bad prompt:\n   <prompt>\n   \"How can I improve team productivity?\"\n   </prompt>\n\n   Good prompt:\n   <prompt>\n   \"I'm looking to improve my team's productivity. Think through this step-by-step, considering the following factors:\n   1. Current productivity blockers (e.g., too many meetings, unclear priorities)\n   2. Potential solutions (e.g., time management techniques, project management tools)\n   3. Implementation challenges\n   4. Methods to measure improvement\n\n   For each step, please provide a brief explanation of your reasoning. Then summarize your ideas at the end.\"\n   </prompt>\n\n   Why it's better: The good prompt asks Claude to think through the problem systematically, providing a guided structure for the response and asking for explanations of the reasoning process. It also prompts Claude to create a summary at the end for easier reading.\n\n### 4. Iterative refinement\n   - If Claude's first response isn't quite right, ask for clarifications or modifications.\n   - You can always say \"That's close, but can you adjust X to be more like Y?\"\n\n   Bad prompt:\n   <prompt>\n   \"Make it better.\"\n   </prompt>\n\n   Good prompt:\n   <prompt>\n   \"That\u2019s a good start, but please refine it further. Make the following adjustments:\n   1. Make the tone more casual and friendly\n   2. Add a specific example of how our product has helped a customer\n   3. Shorten the second paragraph to focus more on the benefits rather than the features\"\n   </prompt>\n\n   Why it's better: The good prompt provides specific feedback and clear instructions for improvements, allowing Claude to make targeted adjustments instead of just relying on Claude\u2019s innate sense of what \u201cbetter\u201d might be \u2014 which is likely different from the user\u2019s definition!\n\n### 5. Leverage Claude's knowledge\n   - Claude has broad knowledge across many fields. Don't hesitate to ask for explanations or background information\n   - Be sure to include relevant context and details so that Claude\u2019s response is maximally targeted to be helpful\n\n   Bad prompt:\n   <prompt>\n   \"What is marketing? How do I do it?\"\n   </prompt>\n\n   Good prompt:\n   <prompt>\n   \"I'm developing a marketing strategy for a new eco-friendly cleaning product line. Can you provide an overview of current trends in green marketing? Please include:\n   1. Key messaging strategies that resonate with environmentally conscious consumers\n   2. Effective channels for reaching this audience\n   3. Examples of successful green marketing campaigns from the past year\n   4. Potential pitfalls to avoid (e.g., greenwashing accusations)\n\n   This information will help me shape our marketing approach.\"\n   </prompt>\n\n   Why it's better: The good prompt asks for specific, contextually relevant  information that leverages Claude's broad knowledge base. It provides context for how the information will be used, which helps Claude frame its answer in the most relevant way.\n\n### 6. Use role-playing\n   - Ask Claude to adopt a specific role or perspective when responding.\n\n   Bad prompt:\n   <prompt>\n   \"Help me prepare for a negotiation.\"\n   </prompt>\n\n   Good prompt:\n   <prompt>\n   \"You are a fabric supplier for my backpack manufacturing company. I'm preparing for a negotiation with this supplier to reduce prices by 10%. As the supplier, please provide:\n   1. Three potential objections to our request for a price reduction\n   2. For each objection, suggest a counterargument from my perspective\n   3. Two alternative proposals the supplier might offer instead of a straight price cut\n\n   Then, switch roles and provide advice on how I, as the buyer, can best approach this negotiation to achieve our goal.\"\n   </prompt>\n\n   Why it's better: This prompt uses role-playing to explore multiple perspectives of the negotiation, providing a more comprehensive preparation. Role-playing also encourages Claude to more readily adopt the nuances of specific perspectives, increasing the intelligence and performance of Claude\u2019s response.\n\n\n## Task-specific tips and examples\n\n### Content Creation\n\n1. **Specify your audience**\n   - Tell Claude who the content is for.\n\n   Bad prompt:\n   <prompt>\n   \"Write something about cybersecurity.\"\n   </prompt>\n\n   Good prompt:\n   <prompt>\n   \"I need to write a blog post about cybersecurity best practices for small business owners. The audience is not very tech-savvy, so the content should be:\n   1. Easy to understand, avoiding technical jargon where possible\n   2. Practical, with actionable tips they can implement quickly\n   3. Engaging and slightly humorous to keep their interest\n\n   Please provide an outline for a 1000-word blog post that covers the top 5 cybersecurity practices these business owners should adopt.\"\n   </prompt>\n\n   Why it's better: The good prompt specifies the audience, desired tone, and key characteristics of the content, giving Claude clear guidelines for creating appropriate and effective output.\n\n2. **Define the tone and style**\n   - Describe the desired tone.\n   - If you have a style guide, mention key points from it.\n\n   Bad prompt:\n   <prompt>\n   \"Write a product description.\"\n   </prompt>\n\n   Good prompt:\n   <prompt>\n   \"Please help me write a product description for our new ergonomic office chair. Use a professional but engaging tone. Our brand voice is friendly, innovative, and health-conscious. The description should:\n   1. Highlight the chair's key ergonomic features\n   2. Explain how these features benefit the user's health and productivity\n   3. Include a brief mention of the sustainable materials used\n   4. End with a call-to-action encouraging readers to try the chair\n\n   Aim for about 200 words.\"\n   </prompt>\n\n   Why it's better: This prompt provides clear guidance on the tone, style, and specific elements to include in the product description.\n\n3. **Define output structure**\n   - Provide a basic outline or list of points you want covered.\n\n   Bad prompt:\n   <prompt>\n   \"Create a presentation on our company results.\"\n   </prompt>\n\n   Good prompt:\n   <prompt>\n   \"I need to create a presentation on our Q2 results. Structure this with the following sections:\n   1. Overview\n   2. Sales Performance\n   3. Customer Acquisition\n   4. Challenges\n   5. Q3 Outlook\n\n   For each section, suggest 3-4 key points to cover, based on typical business presentations. Also, recommend one type of data visualization (e.g., graph, chart) that would be effective for each section.\"\n   </prompt>\n\n   Why it's better: This prompt provides a clear structure and asks for specific elements (key points and data visualizations) for each section.\n\n### Document summary and Q&A\n\n1. **Be specific about what you want**\n   - Ask for a summary of specific aspects or sections of the document.\n   - Frame your questions clearly and directly.\n   - Be sure to specify what kind of summary (output structure, content type) you want\n\n2. **Use the document names**\n   - Refer to attached documents by name.\n\n3. **Ask for citations**\n   - Request that Claude cites specific parts of the document in its answers.\n\nHere is an example that combines all three of the above techniques:\n\n   Bad prompt:\n   <prompt>\n   \"Summarize this report for me.\"\n   </prompt>\n\n   Good prompt:\n   <prompt>\n   \"I've attached a 50-page market research report called 'Tech Industry Trends 2023'. Can you provide a 2-paragraph summary focusing on AI and machine learning trends? Then, please answer these questions:\n   1. What are the top 3 AI applications in business for this year?\n   2. How is machine learning impacting job roles in the tech industry?\n   3. What potential risks or challenges does the report mention regarding AI adoption?\n\n   Please cite specific sections or page numbers when answering these questions.\"\n   </prompt>\n\n   Why it's better: This prompt specifies the exact focus of the summary, provides specific questions, and asks for citations, ensuring a more targeted and useful response. It also indicates the ideal summary output structure, such as limiting the response to 2 paragraphs.\n\n### Data analysis and visualization\n\n1. **Specify the desired format**\n   - Clearly describe the format you want the data in.\n\n   Bad prompt:\n   <prompt>\n   \"Analyze our sales data.\"\n   </prompt>\n\n   Good prompt:\n   <prompt>\n   \"I've attached a spreadsheet called 'Sales Data 2023'. Can you analyze this data and present the key findings in the following format:\n\n   1. Executive Summary (2-3 sentences)\n\n   2. Key Metrics:\n      - Total sales for each quarter\n      - Top-performing product category\n      - Highest growth region\n\n   3. Trends:\n      - List 3 notable trends, each with a brief explanation\n\n   4. Recommendations:\n      - Provide 3 data-driven recommendations, each with a brief rationale\n\n   After the analysis, suggest three types of data visualizations that would effectively communicate these findings.\"\n   </prompt>\n\n   Why it's better: This prompt provides a clear structure for the analysis, specifies key metrics to focus on, and asks for recommendations and visualization suggestions for further formatting.\n\n### Brainstorming\n 1. Use Claude to generate ideas by asking for a list of possibilities or alternatives.\n     - Be specific about what topics you want Claude to cover in its brainstorming\n\n   Bad prompt:\n   <prompt>\n   \"Give me some team-building ideas.\"\n   </prompt>\n\n   Good prompt:\n   <prompt>\n   \"We need to come up with team-building activities for our remote team of 20 people. Can you help me brainstorm by:\n   1. Suggesting 10 virtual team-building activities that promote collaboration\n   2. For each activity, briefly explain how it fosters teamwork\n   3. Indicate which activities are best for:\n      a) Ice-breakers\n      b) Improving communication\n      c) Problem-solving skills\n   4. Suggest one low-cost option and one premium option.\"\n   </prompt>\n\n   Why it's better: This prompt provides specific parameters for the brainstorming session, including the number of ideas, type of activities, and additional categorization, resulting in a more structured and useful output.\n\n2. Request responses in specific formats like bullet points, numbered lists, or tables for easier reading.\n\n   Bad Prompt:\n   <prompt>\n   \"Compare project management software options.\"\n   </prompt>\n\n   Good Prompt:\n   <prompt>\n   \"We're considering three different project management software options: Asana, Trello, and Microsoft Project. Can you compare these in a table format using the following criteria:\n   1. Key Features\n   2. Ease of Use\n   3. Scalability\n   4. Pricing (include specific plans if possible)\n   5. Integration capabilities\n   6. Best suited for (e.g., small teams, enterprise, specific industries)\"\n   </prompt>\n\n   Why it's better: This prompt requests a specific structure (table) for the comparison, provides clear criteria, making the information easy to understand and apply.\n\n## Troubleshooting, minimizing hallucinations, and maximizing performance\n\n1. **Allow Claude to acknowledge uncertainty**\n   - Tell Claude that it should say it doesn\u2019t know if it doesn\u2019t know. Ex. \u201cIf you're unsure about something, it's okay to admit it. Just say you don\u2019t know.\u201d\n\n2. **Break down complex tasks**\n   - If a task seems too large and Claude is missing steps or not performing certain steps well, break it into smaller steps and work through them with Claude one message at a time.\n\n3. **Include all contextual information for new requests**\n   - Claude doesn't retain information from previous conversations, so include all necessary context in each new conversation.\n\n## Example good vs. bad prompt examples\n\nThese are more examples that combine multiple prompting techniques to showcase the stark difference between ineffective and highly effective prompts.\n\n### Example 1: Marketing strategy development\n\nBad prompt:\n<prompt>\n\"Help me create a marketing strategy.\"\n</prompt>\n\nGood prompt:\n<prompt>\n\"As a senior marketing consultant, I need your help developing a comprehensive marketing strategy for our new eco-friendly smartphone accessory line. Our target audience is environmentally conscious millennials and Gen Z consumers. Please provide a detailed strategy that includes:\n\n1. Market Analysis:\n   - Current trends in eco-friendly tech accessories\n   - 2-3 key competitors and their strategies\n   - Potential market size and growth projections\n\n2. Target Audience Persona:\n   - Detailed description of our ideal customer\n   - Their pain points and how our products solve them\n\n3. Marketing Mix:\n   - Product: Key features to highlight\n   - Price: Suggested pricing strategy with rationale\n   - Place: Recommended distribution channels\n   - Promotion: \n     a) 5 marketing channels to focus on, with pros and cons for each\n     b) 3 creative campaign ideas for launch\n\n4. Content Strategy:\n   - 5 content themes that would resonate with our audience\n   - Suggested content types (e.g., blog posts, videos, infographics)\n\n5. KPIs and Measurement:\n   - 5 key metrics to track\n   - Suggested tools for measuring these metrics\n\nPlease present this information in a structured format with headings and bullet points. Where relevant, explain your reasoning or provide brief examples.\n\nAfter outlining the strategy, please identify any potential challenges or risks we should be aware of, and suggest mitigation strategies for each.\"\n</prompt>\n\nWhy it's better: This prompt combines multiple techniques including role assignment, specific task breakdown, structured output request, brainstorming (for campaign ideas and content themes), and asking for explanations. It provides clear guidelines while allowing room for Claude's analysis and creativity.\n\n### Example 2: Financial report analysis\n\nBad prompt:\n<prompt>\n\"Analyze this financial report.\"\n</prompt>\n\nGood prompt:\n<prompt>\n\"I've attached our company's Q2 financial report titled 'Q2_2023_Financial_Report.pdf'. Act as a seasoned CFO and analyze this report and prepare a briefing for our board of directors. Please structure your analysis as follows:\n\n1. Executive Summary (3-4 sentences highlighting key points)\n\n2. Financial Performance Overview:\n   a) Revenue: Compare to previous quarter and same quarter last year\n   b) Profit margins: Gross and Net, with explanations for any significant changes\n   c) Cash flow: Highlight any concerns or positive developments\n\n3. Key Performance Indicators:\n   - List our top 5 KPIs and their current status (Use a table format)\n   - For each KPI, provide a brief explanation of its significance and any notable trends\n\n4. Segment Analysis:\n   - Break down performance by our three main business segments\n   - Identify the best and worst performing segments, with potential reasons for their performance\n\n5. Balance Sheet Review:\n   - Highlight any significant changes in assets, liabilities, or equity\n   - Calculate and interpret key ratios (e.g., current ratio, debt-to-equity)\n\n6. Forward-Looking Statements:\n   - Based on this data, provide 3 key predictions for Q3\n   - Suggest 2-3 strategic moves we should consider to improve our financial position\n\n7. Risk Assessment:\n   - Identify 3 potential financial risks based on this report\n   - Propose mitigation strategies for each risk\n\n8. Peer Comparison:\n   - Compare our performance to 2-3 key competitors (use publicly available data)\n   - Highlight areas where we're outperforming and areas for improvement\n\nPlease use charts or tables where appropriate to visualize data. For any assumptions or interpretations you make, please clearly state them and provide your reasoning.\n\nAfter completing the analysis, please generate 5 potential questions that board members might ask about this report, along with suggested responses.\n\nFinally, summarize this entire analysis into a single paragraph that I can use as an opening statement in the board meeting.\"\n</prompt>\n\nWhy it's better: This prompt combines role-playing (as CFO), structured output, specific data analysis requests, predictive analysis, risk assessment, comparative analysis, and even anticipates follow-up questions. It provides a clear framework while encouraging deep analysis and strategic thinking.\n", "created_at": "2025-07-23T11:54:31.614515+00:00"}]}]